client,dim,rollup,item,share_model,share_spend,roas_index,proxy_ratio,csl_dev,vertical,tipo
bradesco_eletromidia,Ambiente,grupo,relogios-de-rua,0.19901395465672217,0.11363576138608554,1.7513320826932128,1.0016010164559561,0.2392440843453385,ruas,outdoor
bradesco_eletromidia,Ambiente,grupo,__outros__ambiente,0.18792652963285184,0.08121480890313,2.313944121410217,1.0016010164559561,0.2392440843453385,,
bradesco_eletromidia,Ambiente,grupo,mobiliarios-urbanos,0.18422844863065607,0.42859328460510626,0.4298444591832533,1.0016010164559561,0.2392440843453385,ruas,outdoor
bradesco_eletromidia,Ambiente,grupo,cptm,0.18051195720689714,0.1471087515285102,1.2270647077846575,1.0016010164559561,0.2392440843453385,transportes,indoor
bradesco_eletromidia,Ambiente,grupo,edificios-comerciais,0.17176746564685214,0.08068134523888579,2.1289613495941784,1.0016010164559561,0.2392440843453385,edificios,indoor
bradesco_eletromidia,Ambiente,grupo,edificios-residenciais,0.0727523758063506,0.12567503617257875,0.5788928177147767,1.0016010164559561,0.2392440843453385,edificios,indoor
bradesco_eletromidia,Ambiente,grupo,bancas-de-jornal,0.0037992684196701105,0.02309101216570341,0.16453451206063124,1.0016010164559561,0.2392440843453385,ruas,outdoor
bradesco_eletromidia,Ambiente,vertical,ruas,0.38704167170704834,0.5653200581568953,0.6846416753173673,1.0016010164559561,0.2392440843453385,,
bradesco_eletromidia,Ambiente,vertical,edificios,0.24451984145320274,0.2063563814114645,1.184939568045837,1.0016010164559561,0.2392440843453385,,
bradesco_eletromidia,Ambiente,vertical,__outros__ambiente,0.18792652963285184,0.08121480890313,2.313944121410217,1.0016010164559561,0.2392440843453385,,
bradesco_eletromidia,Ambiente,vertical,transportes,0.18051195720689714,0.1471087515285102,1.2270647077846575,1.0016010164559561,0.2392440843453385,,
bradesco_eletromidia,Ambiente,tipo,indoor,0.4250317986600999,0.3534651329399748,1.2024716416152947,1.0016010164559561,0.2392440843453385,,
bradesco_eletromidia,Ambiente,tipo,outdoor,0.38704167170704834,0.5653200581568953,0.6846416753173673,1.0016010164559561,0.2392440843453385,,
bradesco_eletromidia,Ambiente,tipo,__outros__ambiente,0.18792652963285184,0.08121480890313,2.313944121410217,1.0016010164559561,0.2392440843453385,,
bradesco_eletromidia,Praca,estado,sao-paulo,0.6137482428375993,0.6236459701917088,0.9841292530903922,1.0172396782017632,0.10459315588332854,,
bradesco_eletromidia,Praca,estado,pernambuco,0.16316078014075963,0.058567624257431096,2.7858528019438604,1.0172396782017632,0.10459315588332854,,
bradesco_eletromidia,Praca,estado,rio-de-janeiro,0.11897345690419375,0.09580076094037712,1.2418842578738853,1.0172396782017632,0.10459315588332854,,
bradesco_eletromidia,Praca,estado,bahia,0.07968624060505385,0.09824964170330461,0.8110588417786934,1.0172396782017632,0.10459315588332854,,
bradesco_eletromidia,Praca,estado,rio-grande-do-sul,0.014366198306525642,0.08160003047437239,0.17605628604559828,1.0172396782017632,0.10459315588332854,,
bradesco_eletromidia,Praca,estado,__outros__praca,0.010065081205867856,0.04213597243280611,0.23887145886851333,1.0172396782017632,0.10459315588332854,,
bradesco_eletromidia,Praca,praca,sao-paulo,0.6137482428375993,0.6236459701917088,0.9841292530903922,1.0172396782017632,0.10459315588332854,,
bradesco_eletromidia,Praca,praca,recife,0.16316078014075963,0.058567624257431096,2.7858528019438604,1.0172396782017632,0.10459315588332854,,
bradesco_eletromidia,Praca,praca,rio-de-janeiro,0.11897345690419375,0.09580076094037712,1.2418842578738853,1.0172396782017632,0.10459315588332854,,
bradesco_eletromidia,Praca,praca,salvador,0.07968624060505385,0.09824964170330461,0.8110588417786934,1.0172396782017632,0.10459315588332854,,
bradesco_eletromidia,Praca,praca,porto-alegre,0.014366198306525642,0.08160003047437239,0.17605628604559828,1.0172396782017632,0.10459315588332854,,
bradesco_eletromidia,Praca,praca,__outros__praca,0.010065081205867856,0.04213597243280611,0.23887145886851333,1.0172396782017632,0.10459315588332854,,
bradesco_eletromidia,Midia,raw,digital,0.9032862366352451,0.871844744964843,1.0360631773626965,0.992390419583833,0.03144149167040211,,
bradesco_eletromidia,Midia,raw,estatico,0.096713763364755,0.12815525503515696,0.7546609254394088,0.992390419583833,0.03144149167040211,,
bradesco_eletromidia,Modelo de Planejamento,raw,nao-programatica,0.5722455910320684,0.521317517279712,1.0976910847310566,0.9704844716207023,0.05092807375235642,,
bradesco_eletromidia,Modelo de Planejamento,raw,programatica,0.42775440896793165,0.478682482720288,0.893607818145049,0.9704844716207023,0.05092807375235642,,
bradesco_tiktok,product_level_4,campaign_category,brand-auction,0.4611732410690436,0.5863143251280565,0.7865631476227689,0.9746847565239393,0.253735964396546,,
bradesco_tiktok,product_level_4,campaign_category,performance-auction,0.3660740304981754,0.1871932551940599,1.9555941271424173,0.9746847565239393,0.253735964396546,,
bradesco_tiktok,product_level_4,campaign_category,brand-reservation,0.11791863109372154,0.14025302227086486,0.8407564356509207,0.9746847565239393,0.253735964396546,,
bradesco_tiktok,product_level_4,campaign_category,__outros__product_level_4,0.03669869761839101,0.0042140728711472794,8.708605366000661,0.9746847565239393,0.253735964396546,,
bradesco_tiktok,product_level_4,campaign_category,reach-frequency,0.018135399720668445,0.08202532453587151,0.2210951291358491,0.9746847565239393,0.253735964396546,,
bradesco_tiktok,product_level_4,product_level_1,branding,0.5972272718834336,0.8085926719347928,0.7386008958681185,0.9746847565239393,0.253735964396546,,
bradesco_tiktok,product_level_4,product_level_1,performance,0.3660740304981754,0.1871932551940599,1.9555941271424173,0.9746847565239393,0.253735964396546,,
bradesco_tiktok,product_level_4,product_level_1,__outros__product_level_4,0.03669869761839101,0.0042140728711472794,8.708605366000661,0.9746847565239393,0.253735964396546,,
casas_bahia_tiktok,product_level_4,campaign_category,brand-auction,0.45503647174839806,0.29034189891088485,1.5672435616606035,0.9925412383414568,0.23794350092454264,,
casas_bahia_tiktok,product_level_4,campaign_category,performance-auction,0.4045013617556933,0.2676883086747708,1.5110908793822004,0.9925412383414568,0.23794350092454264,,
casas_bahia_tiktok,product_level_4,campaign_category,reach-frequency,0.07291235575481488,0.3800851262905603,0.19183164694289093,0.9925412383414568,0.23794350092454264,,
casas_bahia_tiktok,product_level_4,campaign_category,__outros__product_level_4,0.06754981074109374,0.061884666123784085,1.0915435918483913,0.9925412383414568,0.23794350092454264,,
casas_bahia_tiktok,product_level_4,product_level_1,branding,0.5279488275032129,0.6704270252014451,0.787481422522576,0.9925412383414568,0.23794350092454264,,
casas_bahia_tiktok,product_level_4,product_level_1,performance,0.4045013617556933,0.2676883086747708,1.5110908793822004,0.9925412383414568,0.23794350092454264,,
casas_bahia_tiktok,product_level_4,product_level_1,__outros__product_level_4,0.06754981074109374,0.061884666123784085,1.0915435918483913,0.9925412383414568,0.23794350092454264,,
alpargatas_tiktok,product_level_4,campaign_category,brand-auction,0.8019620381844976,0.8359220648329785,0.9593741712569027,0.9469058677765154,0.08442537309666964,,
alpargatas_tiktok,product_level_4,campaign_category,__outros__product_level_4,0.12409750495119894,0.06786007401010447,1.828726342572521,0.9469058677765154,0.08442537309666964,,
alpargatas_tiktok,product_level_4,campaign_category,brand-reservation,0.05098792937202088,0.07053037273842601,0.7229215923913853,0.9469058677765154,0.08442537309666964,,
alpargatas_tiktok,product_level_4,campaign_category,reach-frequency,0.022952527492282652,0.025687488418491045,0.8935294536526335,0.9469058677765154,0.08442537309666964,,
alpargatas_tiktok,product_level_4,product_level_1,branding,0.8759024950488011,0.9321399259898955,0.9396684667472296,0.9469058677765154,0.08442537309666964,,
alpargatas_tiktok,product_level_4,product_level_1,__outros__product_level_4,0.12409750495119894,0.06786007401010447,1.828726342572521,0.9469058677765154,0.08442537309666964,,
hypera_eletromidia,Ambiente,grupo,mobiliarios-urbanos,0.5669195322193341,0.5395158494734992,1.050793100466979,1.0975015534705153,0.07540252972575309,ruas,outdoor
hypera_eletromidia,Ambiente,grupo,edificios-comerciais,0.14165726674531462,0.09080447137493083,1.5600252344448222,1.0975015534705153,0.07540252972575309,edificios,indoor
hypera_eletromidia,Ambiente,grupo,cptm,0.08356406853954704,0.11030086510751931,0.7576012070085786,1.0975015534705153,0.07540252972575309,transportes,indoor
hypera_eletromidia,Ambiente,grupo,interno-de-trem,0.06601507650960363,0.06320520662709272,1.0444563040366117,1.0975015534705153,0.07540252972575309,transportes,indoor
hypera_eletromidia,Ambiente,grupo,edificios-residenciais,0.048553188715384284,0.0248687531033544,1.9523772870154568,1.0975015534705153,0.07540252972575309,edificios,indoor
hypera_eletromidia,Ambiente,grupo,__outros__ambiente,0.04795837213734196,0.012995141829508684,3.6904847031711974,1.0975015534705153,0.07540252972575309,,
hypera_eletromidia,Ambiente,grupo,bancas-de-jornal,0.027767351043939528,0.0653420386688069,0.42495385221574294,1.0975015534705153,0.07540252972575309,ruas,outdoor
hypera_eletromidia,Ambiente,grupo,metro-rio,0.017565144089534933,0.09296767381528802,0.18893819075686544,1.0975015534705153,0.07540252972575309,transportes,indoor
hypera_eletromidia,Ambiente,vertical,ruas,0.5946868832632736,0.6048578881423061,0.9831844717934147,1.0975015534705153,0.07540252972575309,,
hypera_eletromidia,Ambiente,vertical,edificios,0.19021045546069887,0.11567322447828524,1.644377567225215,1.0975015534705153,0.07540252972575309,,
hypera_eletromidia,Ambiente,vertical,transportes,0.16714428913868556,0.26647374554990005,0.6272448671960669,1.0975015534705153,0.07540252972575309,,
hypera_eletromidia,Ambiente,vertical,__outros__ambiente,0.047958372137341956,0.012995141829508684,3.6904847031711965,1.0975015534705153,0.07540252972575309,,
hypera_eletromidia,Ambiente,tipo,outdoor,0.5946868832632736,0.604857888142306,0.983184471793415,1.0975015534705153,0.07540252972575309,,
hypera_eletromidia,Ambiente,tipo,indoor,0.35735474459938443,0.3821469700281852,0.9351238466525792,1.0975015534705153,0.07540252972575309,,
hypera_eletromidia,Ambiente,tipo,__outros__ambiente,0.047958372137341956,0.01299514182950868,3.690484703171198,1.0975015534705153,0.07540252972575309,,
hypera_eletromidia,Praca,estado,sao-paulo,0.780275304591349,0.8070340925144759,0.96684305140102,0.9878609088495057,0.026758787923126914,,
hypera_eletromidia,Praca,estado,rio-de-janeiro,0.21972469540865103,0.19296590748552417,1.138671065121357,0.9878609088495057,0.026758787923126914,,
hypera_eletromidia,Praca,praca,sao-paulo,0.780275304591349,0.8070340925144759,0.96684305140102,0.9878609088495057,0.026758787923126914,,
hypera_eletromidia,Praca,praca,rio-de-janeiro,0.21972469540865103,0.19296590748552417,1.138671065121357,0.9878609088495057,0.026758787923126914,,
hypera_eletromidia,Modelo de Planejamento,raw,nao-programatica,0.8714724249760896,0.8906603475701295,0.97845652088769,0.9358611548979263,0.019187922594039897,,
hypera_eletromidia,Modelo de Planejamento,raw,programatica,0.12852757502391038,0.10933965242987052,1.1754891493399142,0.9358611548979263,0.019187922594039897,,
opella_eletromidia,Ambiente,grupo,mobiliarios-urbanos,0.32926036567268463,0.3733904215095327,0.8818125658970032,1.013670948210003,0.18450507250271955,ruas,outdoor
opella_eletromidia,Ambiente,grupo,interno-de-trem,0.2225978455985206,0.03809277309580103,5.84357156247723,1.013670948210003,0.18450507250271955,transportes,indoor
opella_eletromidia,Ambiente,grupo,__outros__ambiente,0.07006404792577935,0.07869636990570217,0.8903085111769896,1.013670948210003,0.18450507250271955,,
opella_eletromidia,Ambiente,grupo,edificios-residenciais,0.06879938123546886,0.09700010469040603,0.7092712059956527,1.013670948210003,0.18450507250271955,edificios,indoor
opella_eletromidia,Ambiente,grupo,edificios-comerciais,0.06700329790220935,0.09185846230260215,0.7294188931824879,1.013670948210003,0.18450507250271955,edificios,indoor
opella_eletromidia,Ambiente,grupo,shoppings-cobertura,0.06054670202420672,0.04329240670978122,1.3985524627931385,1.013670948210003,0.18450507250271955,shoppings,indoor
opella_eletromidia,Ambiente,grupo,cptm,0.059804376499266065,0.02988962917057317,2.0008403636584577,1.013670948210003,0.18450507250271955,transportes,indoor
opella_eletromidia,Ambiente,grupo,bancas-de-jornal,0.05235374635032804,0.09933136451432412,0.5270615842871901,1.013670948210003,0.18450507250271955,ruas,outdoor
opella_eletromidia,Ambiente,grupo,relogios-de-rua,0.03636238311888032,0.09252567087349861,0.3929977786229195,1.013670948210003,0.18450507250271955,ruas,outdoor
opella_eletromidia,Ambiente,grupo,vlt-tig,0.016995141929208667,0.02936028483667516,0.5788479922367553,1.013670948210003,0.18450507250271955,transportes,indoor
opella_eletromidia,Ambiente,grupo,grandes-formatos,0.016212711743447492,0.02656251239110361,0.610360627968215,1.013670948210003,0.18450507250271955,ruas,outdoor
opella_eletromidia,Ambiente,vertical,ruas,0.4341892068853404,0.5918099692884591,0.7336632186297433,1.013670948210003,0.18450507250271955,,
opella_eletromidia,Ambiente,vertical,transportes,0.29939736402699535,0.09734268710304936,3.075704738970745,1.013670948210003,0.18450507250271955,,
opella_eletromidia,Ambiente,vertical,edificios,0.1358026791376782,0.18885856699300818,0.7190707909093995,1.013670948210003,0.18450507250271955,,
opella_eletromidia,Ambiente,vertical,__outros__ambiente,0.07006404792577935,0.07869636990570217,0.8903085111769896,1.013670948210003,0.18450507250271955,,
opella_eletromidia,Ambiente,vertical,shoppings,0.06054670202420672,0.04329240670978122,1.3985524627931385,1.013670948210003,0.18450507250271955,,
opella_eletromidia,Ambiente,tipo,indoor,0.49574674518888023,0.32949366080583875,1.504571420210144,1.013670948210003,0.18450507250271955,,
opella_eletromidia,Ambiente,tipo,outdoor,0.4341892068853404,0.5918099692884591,0.7336632186297433,1.013670948210003,0.18450507250271955,,
opella_eletromidia,Ambiente,tipo,__outros__ambiente,0.07006404792577935,0.07869636990570217,0.8903085111769896,1.013670948210003,0.18450507250271955,,
opella_eletromidia,Praca,estado,sao-paulo,0.5183135362306672,0.5955633077079708,0.8702912511944366,0.9832764095071621,0.17253061106356404,,
opella_eletromidia,Praca,estado,ceara,0.20992802112988584,0.037397410066321815,5.613437421404115,0.9832764095071621,0.17253061106356404,,
opella_eletromidia,Praca,estado,rio-de-janeiro,0.0985177463654199,0.1833205363940606,0.5374070374398696,0.9832764095071621,0.17253061106356404,,
opella_eletromidia,Praca,estado,__outros__praca,0.06890938173076591,0.04686410656151913,1.4704085234252284,0.9832764095071621,0.17253061106356404,,
opella_eletromidia,Praca,estado,minas-gerais,0.057771908561862206,0.038001862607535526,1.5202388671971676,0.9832764095071621,0.17253061106356404,,
opella_eletromidia,Praca,estado,bahia,0.02427422631044626,0.04683589643937024,0.5182825173821451,0.9832764095071621,0.17253061106356404,,
opella_eletromidia,Praca,estado,pernambuco,0.022285179670952653,0.052016880223221956,0.4284220732831235,0.9832764095071621,0.17253061106356404,,
opella_eletromidia,Praca,praca,sao-paulo,0.5183135362306672,0.5955633077079708,0.8702912511944366,0.9832764095071621,0.17253061106356404,,
opella_eletromidia,Praca,praca,fortaleza,0.20992802112988584,0.037397410066321815,5.613437421404115,0.9832764095071621,0.17253061106356404,,
opella_eletromidia,Praca,praca,rio-de-janeiro,0.0985177463654199,0.1833205363940606,0.5374070374398696,0.9832764095071621,0.17253061106356404,,
opella_eletromidia,Praca,praca,__outros__praca,0.06890938173076591,0.04686410656151913,1.4704085234252284,0.9832764095071621,0.17253061106356404,,
opella_eletromidia,Praca,praca,belo-horizonte,0.057771908561862206,0.038001862607535526,1.5202388671971676,0.9832764095071621,0.17253061106356404,,
opella_eletromidia,Praca,praca,salvador,0.02427422631044626,0.04683589643937024,0.5182825173821451,0.9832764095071621,0.17253061106356404,,
opella_eletromidia,Praca,praca,recife,0.022285179670952653,0.052016880223221956,0.4284220732831235,0.9832764095071621,0.17253061106356404,,
